;id;int;float;date;email2;profession;code
759;859;1000;313.087;1909-05-04;undefined.undefined@gmail.com;worker;FO
310;410;999;254.798;1925-05-23;undefined.undefined@gmail.com;firefighter;HU
649;749;999;295.611;1934-05-05;undefined.undefined@gmail.com;firefighter;EC
255;355;998;305.071;1946-04-27;undefined.undefined@gmail.com;developer;HN
479;579;997;541.513;1959-03-15;undefined.undefined@gmail.com;developer;US
29;129;997;475.794;2016-12-14;undefined.undefined@gmail.com;developer;CX
110;210;996;839.591;1920-12-21;undefined.undefined@gmail.com;police officer;GY
748;848;996;124.738;2016-09-01;undefined.undefined@gmail.com;developer;GS
78;178;996;205.398;1941-05-04;undefined.undefined@gmail.com;worker;NE
593;693;995;284.519;2007-10-29;undefined.undefined@gmail.com;developer;MG
578;678;994;101.701;2010-09-24;undefined.undefined@gmail.com;firefighter;SH
588;688;993;562.848;1987-05-13;undefined.undefined@gmail.com;police officer;SV
104;204;990;604.765;1936-12-11;undefined.undefined@gmail.com;developer;YT
946;1046;988;814.671;1968-04-07;undefined.undefined@gmail.com;police officer;UG
23;123;988;200.762;1969-06-21;undefined.undefined@gmail.com;worker;KG
521;621;988;831.704;1976-10-01;undefined.undefined@gmail.com;doctor;PS
24;124;986;592.819;1968-02-27;undefined.undefined@gmail.com;doctor;GH
526;626;985;636.551;1975-05-11;undefined.undefined@gmail.com;police officer;KE
616;716;984;119.18;1904-11-15;undefined.undefined@gmail.com;doctor;EH
51;151;984;100.678;1939-05-12;undefined.undefined@gmail.com;worker;HU
466;566;982;89.144;1948-10-20;undefined.undefined@gmail.com;firefighter;AM
470;570;982;958.455;1919-09-01;undefined.undefined@gmail.com;worker;MW
528;628;981;741.875;1961-02-19;undefined.undefined@gmail.com;developer;MS
722;822;981;240.584;1946-05-17;undefined.undefined@gmail.com;developer;VE
851;951;981;879.333;1963-09-13;undefined.undefined@gmail.com;doctor;MW
917;1017;980;542.912;1944-02-11;undefined.undefined@gmail.com;developer;DE
335;435;980;51.153;1975-03-30;undefined.undefined@gmail.com;worker;BR
825;925;980;817.496;1944-06-10;undefined.undefined@gmail.com;firefighter;CN
329;429;978;711.388;1901-01-18;undefined.undefined@gmail.com;doctor;GA
393;493;975;360.954;1906-09-05;undefined.undefined@gmail.com;worker;HT
708;808;975;699.104;1945-12-24;undefined.undefined@gmail.com;developer;SJ
769;869;975;742.151;2016-10-23;undefined.undefined@gmail.com;police officer;PE
358;458;975;87.299;1933-02-27;undefined.undefined@gmail.com;developer;CZ
219;319;971;679.031;1901-04-22;undefined.undefined@gmail.com;developer;BF
312;412;971;299.194;1910-01-27;undefined.undefined@gmail.com;police officer;SH
802;902;971;580.738;1953-05-20;undefined.undefined@gmail.com;police officer;ER
679;779;970;313.726;1921-09-16;undefined.undefined@gmail.com;firefighter;HN
847;947;970;477.625;2008-08-01;undefined.undefined@gmail.com;worker;PT
454;554;969;66.188;1944-07-28;undefined.undefined@gmail.com;firefighter;GN
120;220;969;664.409;1985-08-04;undefined.undefined@gmail.com;worker;AN
640;740;967;856.974;1979-09-17;undefined.undefined@gmail.com;police officer;NC
88;188;967;329.242;1953-02-21;undefined.undefined@gmail.com;doctor;MM
283;383;967;882.762;1953-12-09;undefined.undefined@gmail.com;developer;ES
857;957;967;710.956;1959-01-05;undefined.undefined@gmail.com;developer;GH
102;202;965;352.94;1907-12-15;undefined.undefined@gmail.com;police officer;AG
221;321;965;519.386;1920-05-12;undefined.undefined@gmail.com;developer;GQ
719;819;965;194.806;1917-08-21;undefined.undefined@gmail.com;developer;TO
37;137;965;747.231;1954-10-09;undefined.undefined@gmail.com;firefighter;HM
356;456;963;230.137;1957-10-17;undefined.undefined@gmail.com;worker;KG
519;619;963;114.986;1977-11-19;undefined.undefined@gmail.com;firefighter;AM
710;810;961;791.702;1914-06-11;undefined.undefined@gmail.com;doctor;SJ
428;528;959;861.093;1925-07-28;undefined.undefined@gmail.com;worker;BE
889;989;959;358.982;1931-10-25;undefined.undefined@gmail.com;developer;AO
75;175;957;647.492;1962-04-28;undefined.undefined@gmail.com;developer;QA
366;466;957;565.82;1968-09-26;undefined.undefined@gmail.com;worker;TG
596;696;956;17.11;1971-08-17;undefined.undefined@gmail.com;firefighter;PS
139;239;956;196.863;1903-08-25;undefined.undefined@gmail.com;doctor;US
123;223;955;918.176;1975-03-01;undefined.undefined@gmail.com;worker;PY
637;737;955;158.733;1984-02-17;undefined.undefined@gmail.com;worker;GF
61;161;955;791.963;1998-01-13;undefined.undefined@gmail.com;doctor;ML
491;591;954;728.362;1919-10-25;undefined.undefined@gmail.com;doctor;MD
695;795;954;621.761;1955-03-25;undefined.undefined@gmail.com;firefighter;PE
308;408;953;981.154;1901-09-29;undefined.undefined@gmail.com;firefighter;IQ
204;304;953;733.853;1986-02-07;undefined.undefined@gmail.com;police officer;KE
12;112;953;949.95;2011-07-19;undefined.undefined@gmail.com;doctor;BH
486;586;953;234.905;2011-07-18;undefined.undefined@gmail.com;worker;MA
295;395;952;562.162;1915-02-28;undefined.undefined@gmail.com;worker;BM
447;547;952;6.005;2015-04-11;undefined.undefined@gmail.com;developer;AR
595;695;952;675.096;1923-05-07;undefined.undefined@gmail.com;police officer;TV
713;813;950;585.333;1928-04-09;undefined.undefined@gmail.com;police officer;PW
4;104;949;695.489;1935-09-21;undefined.undefined@gmail.com;worker;SV
933;1033;945;371.543;1925-02-24;undefined.undefined@gmail.com;police officer;FJ
552;652;943;108.976;1941-08-12;undefined.undefined@gmail.com;worker;VA
977;1077;943;671.357;1925-05-29;undefined.undefined@gmail.com;doctor;CS
203;303;942;232.346;2016-12-21;undefined.undefined@gmail.com;worker;IM
81;181;941;960.029;1960-10-30;undefined.undefined@gmail.com;worker;LB
714;814;940;509.359;1955-08-09;undefined.undefined@gmail.com;police officer;MY
929;1029;940;693.925;1902-12-17;undefined.undefined@gmail.com;doctor;KY
792;892;940;107.453;2011-05-29;undefined.undefined@gmail.com;developer;PG
914;1014;939;19.979;1941-10-30;undefined.undefined@gmail.com;police officer;CV
993;1093;939;929.765;1918-05-08;undefined.undefined@gmail.com;doctor;NL
772;872;938;628.178;1937-03-12;undefined.undefined@gmail.com;firefighter;BZ
499;599;935;144.335;1954-10-29;undefined.undefined@gmail.com;firefighter;JE
567;667;933;15.259;1999-03-10;undefined.undefined@gmail.com;doctor;TT
627;727;933;303.996;1945-05-22;undefined.undefined@gmail.com;police officer;BY
797;897;933;673.841;1971-01-04;undefined.undefined@gmail.com;firefighter;TV
728;828;931;917.384;1904-07-27;undefined.undefined@gmail.com;police officer;OM
333;433;931;606.64;1988-12-04;undefined.undefined@gmail.com;worker;KW
431;531;929;306.205;1955-01-31;undefined.undefined@gmail.com;developer;NR
482;582;929;360.112;2003-10-05;undefined.undefined@gmail.com;firefighter;MU
32;132;929;533.458;1991-02-16;undefined.undefined@gmail.com;developer;SY
259;359;928;209.858;2009-10-07;undefined.undefined@gmail.com;doctor;LR
920;1020;927;515.146;1907-12-17;undefined.undefined@gmail.com;doctor;SM
306;406;926;330.344;1990-04-16;undefined.undefined@gmail.com;police officer;CY
233;333;926;110.594;1911-10-23;undefined.undefined@gmail.com;firefighter;EG
174;274;926;910.643;1908-08-08;undefined.undefined@gmail.com;worker;GA
481;581;926;624.332;1960-02-28;undefined.undefined@gmail.com;doctor;NO
540;640;925;657.721;1941-06-21;undefined.undefined@gmail.com;firefighter;BH
231;331;924;802.086;1922-09-20;undefined.undefined@gmail.com;developer;TV
793;893;920;47.186;2005-11-26;undefined.undefined@gmail.com;firefighter;AW
40;140;919;348.124;1910-09-26;undefined.undefined@gmail.com;police officer;AM
870;970;919;406.433;1903-03-21;undefined.undefined@gmail.com;firefighter;FI
879;979;919;193.064;1913-09-25;undefined.undefined@gmail.com;developer;CY
994;1094;918;735.38;1920-08-03;undefined.undefined@gmail.com;police officer;TJ
36;136;917;106.77;1968-07-31;undefined.undefined@gmail.com;police officer;BT
586;686;917;939.395;1923-07-27;undefined.undefined@gmail.com;developer;HN
919;1019;915;7.435;1922-06-10;undefined.undefined@gmail.com;police officer;PF
751;851;915;656.853;2016-11-14;undefined.undefined@gmail.com;police officer;MK
93;193;914;923.397;1918-12-23;undefined.undefined@gmail.com;doctor;PM
254;354;912;856.69;1901-10-09;undefined.undefined@gmail.com;doctor;FO
60;160;911;6.27;1904-08-29;undefined.undefined@gmail.com;doctor;IE
145;245;911;404.598;1918-09-08;undefined.undefined@gmail.com;worker;MT
511;611;911;551.717;2001-06-22;undefined.undefined@gmail.com;doctor;JP
938;1038;910;439.436;2010-09-21;undefined.undefined@gmail.com;worker;YT
888;988;910;712.434;1934-06-20;undefined.undefined@gmail.com;worker;KR
732;832;910;741.449;2019-10-09;undefined.undefined@gmail.com;firefighter;DJ
799;899;909;117.97;1974-10-06;undefined.undefined@gmail.com;developer;CA
696;796;907;586.777;1959-08-05;undefined.undefined@gmail.com;developer;UY
420;520;906;986.212;1944-12-02;undefined.undefined@gmail.com;police officer;GB
842;942;905;702.274;1974-07-23;undefined.undefined@gmail.com;developer;BJ
164;264;904;323.404;1961-03-30;undefined.undefined@gmail.com;firefighter;TM
142;242;903;93.645;1995-05-19;undefined.undefined@gmail.com;doctor;LY
705;805;903;675.032;1970-02-27;undefined.undefined@gmail.com;worker;IN
338;438;899;275.178;1925-05-20;undefined.undefined@gmail.com;doctor;SG
321;421;898;811.266;1957-06-17;undefined.undefined@gmail.com;police officer;CO
844;944;898;906.672;1913-04-10;undefined.undefined@gmail.com;firefighter;CU
663;763;897;75.268;1951-07-23;undefined.undefined@gmail.com;police officer;HU
157;257;897;745.181;2013-12-05;undefined.undefined@gmail.com;firefighter;AG
878;978;896;195.821;2015-02-15;undefined.undefined@gmail.com;police officer;ZA
745;845;895;937.614;1992-07-17;undefined.undefined@gmail.com;developer;GT
818;918;894;903.09;1986-03-16;undefined.undefined@gmail.com;police officer;ZA
374;474;890;612.543;1953-05-23;undefined.undefined@gmail.com;worker;UM
91;191;887;803.416;1944-01-12;undefined.undefined@gmail.com;firefighter;ZM
669;769;887;886.113;1954-12-24;undefined.undefined@gmail.com;firefighter;GP
753;853;886;105.924;1934-09-04;undefined.undefined@gmail.com;developer;NP
502;602;884;540.631;1975-07-14;undefined.undefined@gmail.com;doctor;JP
325;425;882;258.562;1987-12-15;undefined.undefined@gmail.com;firefighter;CD
877;977;882;777.07;2010-07-01;undefined.undefined@gmail.com;doctor;SK
452;552;881;392.86;1964-09-10;undefined.undefined@gmail.com;firefighter;TN
884;984;879;844.749;1925-11-03;undefined.undefined@gmail.com;doctor;KG
982;1082;879;585.471;1921-05-06;undefined.undefined@gmail.com;worker;GL
639;739;878;216.939;1954-12-05;undefined.undefined@gmail.com;police officer;BO
945;1045;878;782.557;2003-12-30;undefined.undefined@gmail.com;developer;BJ
304;404;878;710.77;1995-03-10;undefined.undefined@gmail.com;developer;AW
725;825;877;582.779;1987-10-22;undefined.undefined@gmail.com;doctor;DO
653;753;875;336.496;1919-10-25;undefined.undefined@gmail.com;police officer;QA
601;701;875;394.982;1955-04-06;undefined.undefined@gmail.com;firefighter;NP
82;182;874;928.344;1996-11-02;undefined.undefined@gmail.com;police officer;EG
275;375;873;763.972;1938-01-05;undefined.undefined@gmail.com;developer;BM
570;670;872;462.234;2018-10-23;undefined.undefined@gmail.com;developer;QA
346;446;871;933.917;1983-05-16;undefined.undefined@gmail.com;worker;HM
225;325;870;562.422;1927-08-30;undefined.undefined@gmail.com;worker;GG
154;254;868;184.933;1997-08-05;undefined.undefined@gmail.com;police officer;BB
936;1036;867;113.961;1918-07-28;undefined.undefined@gmail.com;police officer;LK
68;168;867;885.707;1986-09-02;undefined.undefined@gmail.com;worker;CU
720;820;866;677.763;1979-03-22;undefined.undefined@gmail.com;developer;ML
614;714;866;488.267;1983-03-19;undefined.undefined@gmail.com;worker;BT
305;405;865;201.704;2006-07-26;undefined.undefined@gmail.com;doctor;CF
537;637;865;3.057;1943-03-02;undefined.undefined@gmail.com;doctor;YT
433;533;863;406.496;1942-07-13;undefined.undefined@gmail.com;worker;TM
281;381;863;346.932;2005-11-06;undefined.undefined@gmail.com;firefighter;BN
775;875;861;925.903;1933-02-24;undefined.undefined@gmail.com;police officer;BJ
675;775;859;122.444;1967-06-18;undefined.undefined@gmail.com;police officer;CI
800;900;858;794.147;1956-06-26;undefined.undefined@gmail.com;doctor;UG
536;636;857;198.365;1923-01-08;undefined.undefined@gmail.com;developer;TR
625;725;857;858.981;1921-08-06;undefined.undefined@gmail.com;firefighter;MY
472;572;856;856.042;1957-07-18;undefined.undefined@gmail.com;developer;HM
610;710;849;92.113;1946-06-03;undefined.undefined@gmail.com;worker;MR
510;610;845;397.072;1978-01-13;undefined.undefined@gmail.com;worker;
107;207;844;559.771;1933-12-27;undefined.undefined@gmail.com;developer;YT
694;794;844;846.295;1922-01-06;undefined.undefined@gmail.com;worker;AR
385;485;843;19.167;1930-07-27;undefined.undefined@gmail.com;police officer;GQ
893;993;843;117.817;1903-10-13;undefined.undefined@gmail.com;firefighter;AE
197;297;842;895.497;2003-04-16;undefined.undefined@gmail.com;worker;NP
229;329;842;923.407;1931-03-11;undefined.undefined@gmail.com;firefighter;AM
437;537;841;1000.239;1912-07-04;undefined.undefined@gmail.com;doctor;IR
822;922;840;327.197;1987-09-05;undefined.undefined@gmail.com;police officer;CH
760;860;840;915.013;1929-08-22;undefined.undefined@gmail.com;police officer;GA
146;246;839;592.922;1913-05-12;undefined.undefined@gmail.com;police officer;PE
256;356;837;498.851;1938-12-13;undefined.undefined@gmail.com;developer;PT
253;353;835;673.292;1906-12-20;undefined.undefined@gmail.com;doctor;MQ
400;500;833;884.238;1940-07-23;undefined.undefined@gmail.com;firefighter;VA
103;203;833;871.781;2019-06-09;undefined.undefined@gmail.com;police officer;PE
846;946;833;913.336;2004-04-19;undefined.undefined@gmail.com;doctor;PN
548;648;831;255.965;1971-10-13;undefined.undefined@gmail.com;doctor;CN
401;501;830;182.066;1984-10-31;undefined.undefined@gmail.com;worker;TH
269;369;830;795.513;1918-11-25;undefined.undefined@gmail.com;police officer;VG
474;574;828;304.15;1943-10-09;undefined.undefined@gmail.com;doctor;DO
585;685;826;775.916;1962-09-08;undefined.undefined@gmail.com;worker;GP
128;228;826;275.712;1934-11-12;undefined.undefined@gmail.com;worker;ZM
689;789;825;562.192;1923-09-21;undefined.undefined@gmail.com;police officer;PW
631;731;823;228.006;1959-07-29;undefined.undefined@gmail.com;developer;GI
953;1053;822;242.878;2017-05-28;undefined.undefined@gmail.com;police officer;KH
484;584;821;9.064;2008-12-01;undefined.undefined@gmail.com;firefighter;FR
213;313;817;687.439;1985-12-02;undefined.undefined@gmail.com;police officer;CC
336;436;815;391.365;1928-08-18;undefined.undefined@gmail.com;developer;PN
546;646;813;583.876;1953-05-05;undefined.undefined@gmail.com;developer;UY
192;292;813;805.648;1918-02-11;undefined.undefined@gmail.com;developer;KI
309;409;813;308.258;1936-04-30;undefined.undefined@gmail.com;firefighter;NZ
765;865;811;58.504;2010-02-26;undefined.undefined@gmail.com;worker;TM
384;484;810;752.086;1947-02-04;undefined.undefined@gmail.com;doctor;AR
397;497;809;223.022;2006-08-27;undefined.undefined@gmail.com;firefighter;PR
465;565;808;724.122;2017-10-30;undefined.undefined@gmail.com;developer;MK
489;589;808;329.463;1916-04-26;undefined.undefined@gmail.com;doctor;US
927;1027;806;316.2;1940-04-10;undefined.undefined@gmail.com;worker;MC
986;1086;804;145.008;1927-10-21;undefined.undefined@gmail.com;worker;PN
636;736;802;177.849;1935-03-11;undefined.undefined@gmail.com;doctor;CO
42;142;801;938.159;1962-03-25;undefined.undefined@gmail.com;worker;FJ
250;350;800;205.403;1905-01-15;undefined.undefined@gmail.com;police officer;HR
355;455;800;69.425;1986-11-07;undefined.undefined@gmail.com;doctor;KZ
347;447;799;142.58;2004-11-30;undefined.undefined@gmail.com;worker;VN
435;535;798;981.782;1918-12-12;undefined.undefined@gmail.com;doctor;GS
480;580;796;96.104;1968-05-05;undefined.undefined@gmail.com;worker;MP
856;956;793;820.71;1914-12-19;undefined.undefined@gmail.com;worker;SG
209;309;793;990.149;1996-12-13;undefined.undefined@gmail.com;police officer;TF
855;955;792;293.03;1921-10-03;undefined.undefined@gmail.com;developer;NI
516;616;791;657.676;1923-09-21;undefined.undefined@gmail.com;developer;NL
22;122;789;128.886;1989-02-04;undefined.undefined@gmail.com;firefighter;PS
706;806;789;602.369;1986-05-02;undefined.undefined@gmail.com;doctor;BM
984;1084;785;648.069;1923-04-29;undefined.undefined@gmail.com;firefighter;AD
26;126;784;761.949;1925-05-27;undefined.undefined@gmail.com;worker;AS
442;542;782;106.724;2008-01-31;undefined.undefined@gmail.com;firefighter;EE
251;351;781;4.427;1901-10-08;undefined.undefined@gmail.com;developer;LU
264;364;780;493.307;1902-10-03;undefined.undefined@gmail.com;worker;MU
153;253;780;161.311;1929-11-04;undefined.undefined@gmail.com;firefighter;SI
814;914;780;145.684;1996-11-02;undefined.undefined@gmail.com;developer;AN
629;729;778;729.041;2011-12-29;undefined.undefined@gmail.com;police officer;KP
944;1044;778;780.98;1937-06-15;undefined.undefined@gmail.com;developer;AS
882;982;777;46.481;1959-12-29;undefined.undefined@gmail.com;police officer;OM
659;759;777;191.962;1970-11-20;undefined.undefined@gmail.com;developer;TO
274;374;777;376.464;1926-11-02;undefined.undefined@gmail.com;developer;MA
79;179;777;142.052;1921-05-19;undefined.undefined@gmail.com;doctor;MD
307;407;776;237.68;1994-12-09;undefined.undefined@gmail.com;firefighter;BG
774;874;775;424.634;1966-06-19;undefined.undefined@gmail.com;doctor;CZ
405;505;775;991.199;1927-07-20;undefined.undefined@gmail.com;worker;AF
868;968;772;193.194;1974-08-21;undefined.undefined@gmail.com;worker;VA
131;231;770;908.607;2018-04-09;undefined.undefined@gmail.com;doctor;PG
407;507;769;669.89;1914-05-04;undefined.undefined@gmail.com;developer;GA
894;994;769;85.93;1929-06-29;undefined.undefined@gmail.com;doctor;OM
899;999;769;722.512;1935-10-27;undefined.undefined@gmail.com;firefighter;KM
681;781;768;491.937;1915-12-20;undefined.undefined@gmail.com;doctor;AN
727;827;768;241.703;1917-09-02;undefined.undefined@gmail.com;firefighter;VN
853;953;766;356.328;1926-02-13;undefined.undefined@gmail.com;police officer;LA
141;241;765;165.362;1931-03-03;undefined.undefined@gmail.com;firefighter;SD
135;235;762;946.417;1937-07-09;undefined.undefined@gmail.com;police officer;ZA
485;585;760;153.161;1909-07-13;undefined.undefined@gmail.com;police officer;AZ
367;467;760;197.079;2001-04-08;undefined.undefined@gmail.com;developer;SE
386;486;756;124.857;1907-06-14;undefined.undefined@gmail.com;developer;SE
900;1000;754;415.967;1933-12-23;undefined.undefined@gmail.com;police officer;CV
39;139;752;99.598;2018-12-20;undefined.undefined@gmail.com;developer;EG
290;390;752;14.007;1910-01-04;undefined.undefined@gmail.com;developer;CC
200;300;752;219.895;1909-10-08;undefined.undefined@gmail.com;police officer;GW
890;990;751;591.237;1911-03-08;undefined.undefined@gmail.com;developer;SG
188;288;750;392.829;1925-08-16;undefined.undefined@gmail.com;firefighter;RU
34;134;749;720.621;1961-08-11;undefined.undefined@gmail.com;worker;AF
854;954;748;81.821;1961-10-19;undefined.undefined@gmail.com;worker;RO
702;802;748;536.114;1951-08-05;undefined.undefined@gmail.com;doctor;CH
150;250;745;881.38;1927-08-11;undefined.undefined@gmail.com;worker;KR
699;799;745;931.1;1916-03-12;undefined.undefined@gmail.com;doctor;DZ
522;622;744;407.009;1909-12-06;undefined.undefined@gmail.com;police officer;VG
838;938;743;433.442;1969-07-30;undefined.undefined@gmail.com;firefighter;TN
11;111;743;917.017;1900-07-27;undefined.undefined@gmail.com;worker;SO
415;515;742;901.096;2016-12-31;undefined.undefined@gmail.com;worker;TV
670;770;739;236.303;1995-03-09;undefined.undefined@gmail.com;doctor;CZ
622;722;738;88.379;1984-05-17;undefined.undefined@gmail.com;developer;HM
665;765;738;364.025;1969-06-10;undefined.undefined@gmail.com;worker;UY
271;371;737;64.644;2004-11-12;undefined.undefined@gmail.com;police officer;IR
9;109;737;402.721;1939-06-15;undefined.undefined@gmail.com;developer;MR
181;281;737;528.566;2005-06-12;undefined.undefined@gmail.com;developer;HT
729;829;736;513.569;2018-03-16;undefined.undefined@gmail.com;doctor;CN
981;1081;736;945.497;2005-07-24;undefined.undefined@gmail.com;firefighter;HM
923;1023;736;383.206;1940-07-19;undefined.undefined@gmail.com;firefighter;TT
572;672;736;520.818;1983-11-01;undefined.undefined@gmail.com;doctor;KN
898;998;735;726.446;1949-06-27;undefined.undefined@gmail.com;firefighter;BA
168;268;735;713.107;1950-09-10;undefined.undefined@gmail.com;firefighter;CX
904;1004;733;101.087;2008-03-05;undefined.undefined@gmail.com;police officer;HU
571;671;732;133.233;1948-06-23;undefined.undefined@gmail.com;developer;MC
715;815;732;487.504;1961-08-29;undefined.undefined@gmail.com;worker;SZ
64;164;728;464.912;1986-05-14;undefined.undefined@gmail.com;developer;EC
836;936;728;112.272;1923-07-16;undefined.undefined@gmail.com;worker;MV
555;655;726;144.41;2008-09-07;undefined.undefined@gmail.com;police officer;PE
979;1079;724;590.492;1904-01-11;undefined.undefined@gmail.com;doctor;ZM
872;972;723;445.219;2000-09-19;undefined.undefined@gmail.com;developer;AG
413;513;723;558.543;1989-11-04;undefined.undefined@gmail.com;firefighter;BO
989;1089;723;106.6;1943-04-12;undefined.undefined@gmail.com;developer;TF
764;864;722;639.437;1979-06-14;undefined.undefined@gmail.com;doctor;IS
149;249;721;881.306;2011-08-04;undefined.undefined@gmail.com;worker;SJ
621;721;721;510.033;1957-09-04;undefined.undefined@gmail.com;doctor;BH
268;368;720;148.358;2000-04-17;undefined.undefined@gmail.com;police officer;NG
976;1076;719;542.46;1917-11-25;undefined.undefined@gmail.com;doctor;HN
314;414;719;477.251;2015-05-10;undefined.undefined@gmail.com;doctor;JO
744;844;719;355.065;1964-06-10;undefined.undefined@gmail.com;police officer;BN
957;1057;719;857.746;1956-01-11;undefined.undefined@gmail.com;developer;NC
554;654;718;77.667;1994-12-05;undefined.undefined@gmail.com;worker;IE
991;1091;717;944.155;1992-01-11;undefined.undefined@gmail.com;firefighter;CU
317;417;714;173.815;1944-04-05;undefined.undefined@gmail.com;firefighter;GI
589;689;712;258.808;1955-08-29;undefined.undefined@gmail.com;firefighter;CA
683;783;711;850.14;1906-06-30;undefined.undefined@gmail.com;police officer;KZ
58;158;710;929.582;1985-04-13;undefined.undefined@gmail.com;developer;GB
806;906;708;280.993;1997-03-05;undefined.undefined@gmail.com;worker;BI
525;625;707;919.293;1942-07-25;undefined.undefined@gmail.com;firefighter;BM
796;896;707;660.821;1963-03-06;undefined.undefined@gmail.com;worker;UG
666;766;706;114.435;2010-02-11;undefined.undefined@gmail.com;worker;QA
591;691;704;14.349;1925-09-18;undefined.undefined@gmail.com;doctor;BY
186;286;704;988.328;1917-08-17;undefined.undefined@gmail.com;developer;EC
375;475;703;827.594;1960-06-09;undefined.undefined@gmail.com;police officer;PS
505;605;702;87.45;1946-08-20;undefined.undefined@gmail.com;worker;PN
834;934;702;631.264;1974-09-21;undefined.undefined@gmail.com;firefighter;GT
788;888;700;80.445;1993-04-14;undefined.undefined@gmail.com;firefighter;GR
436;536;700;883.577;1962-05-08;undefined.undefined@gmail.com;developer;AF
241;341;699;118.408;1922-01-04;undefined.undefined@gmail.com;police officer;DZ
15;115;697;344.764;2010-08-23;undefined.undefined@gmail.com;worker;RW
311;411;697;217.813;1913-03-09;undefined.undefined@gmail.com;firefighter;WS
831;931;697;618.252;1959-09-04;undefined.undefined@gmail.com;developer;BW
520;620;696;551.508;1962-06-13;undefined.undefined@gmail.com;doctor;DZ
198;298;695;71.832;1971-11-04;undefined.undefined@gmail.com;firefighter;MG
866;966;693;376.633;1922-05-05;undefined.undefined@gmail.com;worker;AN
531;631;693;792.97;1955-08-17;undefined.undefined@gmail.com;police officer;CS
885;985;692;905.316;1913-05-07;undefined.undefined@gmail.com;worker;TN
282;382;691;783.261;1976-08-03;undefined.undefined@gmail.com;police officer;TL
196;296;690;223.534;1945-10-18;undefined.undefined@gmail.com;worker;CS
222;322;689;134.253;1974-05-18;undefined.undefined@gmail.com;firefighter;NG
684;784;688;500.636;1978-07-29;undefined.undefined@gmail.com;developer;IS
860;960;686;113.77;1978-07-01;undefined.undefined@gmail.com;developer;SJ
635;735;686;235.584;1924-12-19;undefined.undefined@gmail.com;doctor;VE
273;373;684;839.583;1999-05-04;undefined.undefined@gmail.com;worker;PK
80;180;682;133.1;1987-03-12;undefined.undefined@gmail.com;firefighter;DJ
173;273;681;525.744;1930-12-29;undefined.undefined@gmail.com;developer;MU
680;780;679;409.28;1952-04-03;undefined.undefined@gmail.com;firefighter;RW
576;676;679;991.684;1952-01-27;undefined.undefined@gmail.com;developer;BM
948;1048;678;793.808;1952-12-07;undefined.undefined@gmail.com;firefighter;GG
518;618;677;226.036;1964-03-11;undefined.undefined@gmail.com;doctor;SZ
162;262;677;727.223;1991-04-13;undefined.undefined@gmail.com;developer;AW
820;920;674;510.932;1993-06-19;undefined.undefined@gmail.com;worker;AO
863;963;674;790.212;1958-03-26;undefined.undefined@gmail.com;developer;GT
368;468;672;722.025;1990-09-26;undefined.undefined@gmail.com;doctor;TR
297;397;672;385.89;2015-02-27;undefined.undefined@gmail.com;developer;
267;367;671;702.249;1960-10-12;undefined.undefined@gmail.com;developer;CC
77;177;670;171.317;1923-03-12;undefined.undefined@gmail.com;developer;SO
506;606;670;460.393;1909-11-18;undefined.undefined@gmail.com;police officer;FM
901;1001;668;789.619;1931-10-30;undefined.undefined@gmail.com;police officer;TJ
41;141;667;421.726;1910-01-13;undefined.undefined@gmail.com;worker;AL
547;647;667;253.234;1915-12-06;undefined.undefined@gmail.com;doctor;IE
768;868;666;271.228;1943-09-12;undefined.undefined@gmail.com;doctor;MC
668;768;664;504.118;1953-02-07;undefined.undefined@gmail.com;police officer;BH
468;568;664;96.811;1922-10-15;undefined.undefined@gmail.com;developer;CY
735;835;661;233.408;2008-11-07;undefined.undefined@gmail.com;firefighter;JO
902;1002;661;625.878;1918-01-24;undefined.undefined@gmail.com;developer;CG
195;295;660;719.735;1945-12-16;undefined.undefined@gmail.com;firefighter;BS
33;133;660;268.178;1902-03-29;undefined.undefined@gmail.com;firefighter;MX
779;879;660;310.831;2008-08-08;undefined.undefined@gmail.com;worker;BH
86;186;659;321.72;2007-05-06;undefined.undefined@gmail.com;doctor;AO
19;119;658;167.889;2005-04-24;undefined.undefined@gmail.com;developer;ST
132;232;657;556.796;1944-10-14;undefined.undefined@gmail.com;worker;DZ
916;1016;657;856.646;1988-04-01;undefined.undefined@gmail.com;police officer;CA
262;362;656;449.246;1932-09-15;undefined.undefined@gmail.com;doctor;PG
661;761;656;64.962;1935-09-29;undefined.undefined@gmail.com;doctor;KG
357;457;655;707.435;2007-04-11;undefined.undefined@gmail.com;doctor;PT
956;1056;655;322.364;1943-06-11;undefined.undefined@gmail.com;worker;OM
382;482;654;806.646;1954-12-01;undefined.undefined@gmail.com;police officer;GL
118;218;654;645.015;1956-04-02;undefined.undefined@gmail.com;police officer;MH
674;774;653;393.498;1975-09-06;undefined.undefined@gmail.com;firefighter;MZ
692;792;652;617.095;1991-03-25;undefined.undefined@gmail.com;police officer;DK
425;525;649;492.575;1946-12-16;undefined.undefined@gmail.com;worker;CY
925;1025;649;480.613;1961-02-21;undefined.undefined@gmail.com;developer;MN
137;237;649;412.049;1967-04-22;undefined.undefined@gmail.com;firefighter;JE
643;743;648;782.134;1969-03-04;undefined.undefined@gmail.com;firefighter;MC
798;898;647;953.138;2007-05-29;undefined.undefined@gmail.com;developer;TC
839;939;647;764.159;1976-12-01;undefined.undefined@gmail.com;worker;PW
45;145;647;698.823;1945-09-30;undefined.undefined@gmail.com;firefighter;FO
299;399;646;764.557;1902-05-28;undefined.undefined@gmail.com;police officer;BJ
423;523;646;231.838;1904-06-03;undefined.undefined@gmail.com;firefighter;PY
560;660;646;283.585;1937-07-11;undefined.undefined@gmail.com;worker;GL
947;1047;646;551.095;2019-06-06;undefined.undefined@gmail.com;police officer;HN
444;544;644;207.588;1947-08-24;undefined.undefined@gmail.com;doctor;TG
607;707;642;480.386;1939-01-27;undefined.undefined@gmail.com;developer;UG
87;187;641;626.843;1927-03-10;undefined.undefined@gmail.com;worker;CF
975;1075;640;901.592;1981-09-08;undefined.undefined@gmail.com;doctor;CD
833;933;639;929.857;1972-02-22;undefined.undefined@gmail.com;developer;ES
277;377;638;842.696;1973-05-23;undefined.undefined@gmail.com;developer;JM
5;105;638;415.688;1920-10-30;undefined.undefined@gmail.com;worker;PL
98;198;638;358.557;2010-04-29;undefined.undefined@gmail.com;firefighter;GA
850;950;635;427.612;1917-08-24;undefined.undefined@gmail.com;police officer;GH
171;271;635;589.457;1996-01-16;undefined.undefined@gmail.com;firefighter;IS
731;831;634;579.259;1924-12-24;undefined.undefined@gmail.com;police officer;IS
193;293;634;664.222;1934-10-15;undefined.undefined@gmail.com;firefighter;TJ
930;1030;633;5.198;1901-07-11;undefined.undefined@gmail.com;developer;CZ
245;345;633;683.907;1999-03-19;undefined.undefined@gmail.com;worker;KN
170;270;632;513.755;2019-11-14;undefined.undefined@gmail.com;firefighter;SE
549;649;632;320.749;1982-11-26;undefined.undefined@gmail.com;doctor;LT
31;131;631;896.411;1946-11-18;undefined.undefined@gmail.com;worker;BG
497;597;626;450.404;1957-12-18;undefined.undefined@gmail.com;firefighter;MR
897;997;626;747.419;1989-08-05;undefined.undefined@gmail.com;firefighter;NZ
733;833;625;894.575;1972-02-24;undefined.undefined@gmail.com;police officer;IN
59;159;624;899.538;1909-01-04;undefined.undefined@gmail.com;doctor;EE
785;885;624;393.486;1990-03-30;undefined.undefined@gmail.com;developer;BB
697;797;624;390.343;1955-12-26;undefined.undefined@gmail.com;worker;TF
322;422;624;512.32;1947-06-21;undefined.undefined@gmail.com;worker;IN
475;575;624;579.908;1987-08-31;undefined.undefined@gmail.com;doctor;WF
964;1064;622;629.865;1969-03-13;undefined.undefined@gmail.com;firefighter;FM
395;495;621;464.398;1985-08-28;undefined.undefined@gmail.com;police officer;SY
628;728;616;509.329;1935-12-31;undefined.undefined@gmail.com;doctor;LY
410;510;614;713.653;1907-06-30;undefined.undefined@gmail.com;doctor;CZ
53;153;613;235.032;2014-05-20;undefined.undefined@gmail.com;developer;UG
248;348;611;518.736;2004-05-17;undefined.undefined@gmail.com;doctor;IL
370;470;611;690.011;1954-08-27;undefined.undefined@gmail.com;firefighter;CL
448;548;611;90.295;1914-06-12;undefined.undefined@gmail.com;police officer;BD
101;201;611;849.093;2015-01-24;undefined.undefined@gmail.com;firefighter;DM
823;923;610;777.83;1980-08-13;undefined.undefined@gmail.com;firefighter;AX
875;975;609;872.645;1998-03-02;undefined.undefined@gmail.com;worker;ER
266;366;607;945.348;1973-04-09;undefined.undefined@gmail.com;worker;LI
161;261;606;387.842;1921-03-22;undefined.undefined@gmail.com;developer;MO
16;116;605;559.796;1976-11-19;undefined.undefined@gmail.com;worker;MU
641;741;605;286.777;1959-01-10;undefined.undefined@gmail.com;doctor;IR
422;522;605;51.741;1997-09-21;undefined.undefined@gmail.com;firefighter;BJ
389;489;604;201.705;1987-08-19;undefined.undefined@gmail.com;developer;PT
352;452;604;36.447;1966-02-03;undefined.undefined@gmail.com;worker;GR
276;376;604;671.107;1916-08-28;undefined.undefined@gmail.com;police officer;PH
134;234;603;516.957;1931-01-20;undefined.undefined@gmail.com;police officer;PW
155;255;602;353.513;1963-10-02;undefined.undefined@gmail.com;doctor;KE
111;211;602;310.26;1907-05-09;undefined.undefined@gmail.com;doctor;AI
910;1010;602;73.849;1975-12-19;undefined.undefined@gmail.com;worker;YT
156;256;602;992.699;1930-03-08;undefined.undefined@gmail.com;firefighter;PA
362;462;600;231.255;1900-07-19;undefined.undefined@gmail.com;police officer;JP
562;662;600;989.005;1949-05-19;undefined.undefined@gmail.com;doctor;EE
922;1022;600;576.942;1994-10-08;undefined.undefined@gmail.com;doctor;CI
644;744;599;421.422;1946-11-27;undefined.undefined@gmail.com;doctor;BE
564;664;598;693.369;1989-10-10;undefined.undefined@gmail.com;developer;AF
67;167;597;720.731;1971-01-20;undefined.undefined@gmail.com;doctor;TH
364;464;597;503.013;1963-12-13;undefined.undefined@gmail.com;firefighter;IE
791;891;596;695.704;1948-01-15;undefined.undefined@gmail.com;doctor;AO
704;804;596;11.681;1990-06-05;undefined.undefined@gmail.com;worker;QA
990;1090;595;58.489;1990-08-19;undefined.undefined@gmail.com;police officer;DM
412;512;595;177.0;1996-02-07;undefined.undefined@gmail.com;police officer;GD
716;816;594;415.845;1989-01-17;undefined.undefined@gmail.com;firefighter;MV
815;915;594;314.328;1947-09-04;undefined.undefined@gmail.com;worker;UY
473;573;590;179.273;1979-11-26;undefined.undefined@gmail.com;developer;YE
960;1060;590;886.5;1986-04-20;undefined.undefined@gmail.com;doctor;GI
494;594;587;528.645;1927-07-04;undefined.undefined@gmail.com;firefighter;CD
243;343;587;24.166;1932-12-18;undefined.undefined@gmail.com;police officer;HR
65;165;583;86.997;1988-06-28;undefined.undefined@gmail.com;doctor;SO
416;516;582;246.053;1933-10-13;undefined.undefined@gmail.com;worker;IL
35;135;582;883.288;1918-02-06;undefined.undefined@gmail.com;firefighter;BG
302;402;581;534.383;1939-05-18;undefined.undefined@gmail.com;developer;SV
602;702;580;944.706;2011-05-22;undefined.undefined@gmail.com;police officer;NL
746;846;580;443.512;1948-10-02;undefined.undefined@gmail.com;worker;PK
579;679;580;366.717;1949-11-03;undefined.undefined@gmail.com;worker;KR
279;379;579;565.825;1925-03-25;undefined.undefined@gmail.com;developer;TF
440;540;577;949.372;1953-06-20;undefined.undefined@gmail.com;firefighter;MZ
462;562;577;695.3;1957-05-17;undefined.undefined@gmail.com;worker;VA
575;675;576;411.777;1935-09-24;undefined.undefined@gmail.com;developer;IT
942;1042;574;244.333;1917-04-04;undefined.undefined@gmail.com;doctor;GP
216;316;571;860.421;2012-12-28;undefined.undefined@gmail.com;police officer;DO
974;1074;571;458.548;1911-01-30;undefined.undefined@gmail.com;police officer;AL
891;991;567;880.819;1976-12-04;undefined.undefined@gmail.com;police officer;LC
70;170;565;613.273;1908-06-10;undefined.undefined@gmail.com;worker;GB
353;453;565;201.895;1985-02-11;undefined.undefined@gmail.com;worker;MK
441;541;564;199.843;1914-08-05;undefined.undefined@gmail.com;doctor;SB
921;1021;563;694.119;1996-02-19;undefined.undefined@gmail.com;firefighter;TO
201;301;562;235.062;1921-02-13;undefined.undefined@gmail.com;developer;ET
805;905;562;291.565;1990-05-10;undefined.undefined@gmail.com;developer;PL
184;284;561;186.509;1910-01-22;undefined.undefined@gmail.com;doctor;BO
711;811;559;169.415;2012-05-09;undefined.undefined@gmail.com;developer;SY
835;935;559;703.725;2004-05-30;undefined.undefined@gmail.com;developer;EH
106;206;558;537.136;2004-04-25;undefined.undefined@gmail.com;worker;HM
300;400;556;174.197;1989-05-10;undefined.undefined@gmail.com;developer;CK
163;263;555;655.318;1964-04-18;undefined.undefined@gmail.com;police officer;MP
217;317;555;635.826;1934-12-08;undefined.undefined@gmail.com;firefighter;CS
301;401;555;837.942;1921-06-23;undefined.undefined@gmail.com;worker;ZW
89;189;553;621.15;1995-01-20;undefined.undefined@gmail.com;firefighter;ER
212;312;553;825.571;2000-10-28;undefined.undefined@gmail.com;police officer;DE
172;272;552;243.489;1910-12-13;undefined.undefined@gmail.com;police officer;PY
912;1012;551;989.429;1919-07-17;undefined.undefined@gmail.com;doctor;FK
958;1058;550;25.643;1933-10-09;undefined.undefined@gmail.com;worker;BB
417;517;550;104.569;1906-05-23;undefined.undefined@gmail.com;worker;CS
597;697;547;908.647;1981-11-21;undefined.undefined@gmail.com;developer;SJ
937;1037;545;832.263;1932-07-11;undefined.undefined@gmail.com;developer;NL
918;1018;545;941.975;1980-02-22;undefined.undefined@gmail.com;police officer;TH
177;277;545;312.459;2009-10-29;undefined.undefined@gmail.com;doctor;EH
686;786;542;694.368;1909-01-12;undefined.undefined@gmail.com;police officer;MR
542;642;542;24.199;1953-03-13;undefined.undefined@gmail.com;doctor;LS
396;496;541;155.284;2011-06-17;undefined.undefined@gmail.com;developer;SL
701;801;541;825.704;1994-09-12;undefined.undefined@gmail.com;police officer;MC
615;715;536;586.007;1962-08-01;undefined.undefined@gmail.com;developer;UY
738;838;534;221.279;1938-02-06;undefined.undefined@gmail.com;doctor;TF
239;339;533;778.369;1987-12-30;undefined.undefined@gmail.com;police officer;PF
781;881;530;514.614;1969-07-23;undefined.undefined@gmail.com;doctor;GE
129;229;530;25.938;1967-10-07;undefined.undefined@gmail.com;developer;IQ
272;372;530;284.059;1968-06-02;undefined.undefined@gmail.com;developer;KE
592;692;530;553.416;2018-02-23;undefined.undefined@gmail.com;developer;BB
432;532;527;666.518;2002-09-07;undefined.undefined@gmail.com;worker;ID
829;929;526;512.597;1976-06-16;undefined.undefined@gmail.com;doctor;HU
286;386;525;499.27;1938-03-09;undefined.undefined@gmail.com;developer;QA
660;760;524;21.593;1948-08-19;undefined.undefined@gmail.com;police officer;ZA
223;323;524;682.834;2000-11-20;undefined.undefined@gmail.com;developer;IR
869;969;523;452.846;1977-01-15;undefined.undefined@gmail.com;developer;MO
757;857;522;918.517;1912-03-21;undefined.undefined@gmail.com;firefighter;KZ
963;1063;519;909.721;1948-07-04;undefined.undefined@gmail.com;police officer;KN
237;337;519;872.827;2007-12-22;undefined.undefined@gmail.com;worker;MV
972;1072;514;215.344;1968-03-15;undefined.undefined@gmail.com;police officer;TJ
18;118;514;861.717;1971-07-08;undefined.undefined@gmail.com;developer;MD
341;441;513;110.902;2011-12-11;undefined.undefined@gmail.com;doctor;GT
224;324;512;984.969;1912-12-29;undefined.undefined@gmail.com;firefighter;UM
551;651;512;559.276;1969-12-11;undefined.undefined@gmail.com;police officer;FK
318;418;510;511.321;2000-11-22;undefined.undefined@gmail.com;developer;ST
613;713;509;872.253;1942-11-22;undefined.undefined@gmail.com;doctor;IS
445;545;509;621.439;1956-11-28;undefined.undefined@gmail.com;developer;IR
737;837;508;431.923;1941-11-02;undefined.undefined@gmail.com;doctor;MH
514;614;506;633.427;2001-07-11;undefined.undefined@gmail.com;police officer;TW
543;643;505;50.463;1950-05-14;undefined.undefined@gmail.com;firefighter;BI
76;176;504;450.659;1947-01-30;undefined.undefined@gmail.com;worker;LV
581;681;504;307.812;1908-02-21;undefined.undefined@gmail.com;police officer;TO
587;687;503;200.548;1993-12-01;undefined.undefined@gmail.com;police officer;MH
952;1052;503;859.792;1975-05-01;undefined.undefined@gmail.com;firefighter;IS
411;511;501;548.509;1944-08-07;undefined.undefined@gmail.com;developer;FM
144;244;500;951.485;2014-07-05;undefined.undefined@gmail.com;worker;RU
778;878;500;382.108;1917-02-21;undefined.undefined@gmail.com;doctor;
175;275;500;695.309;1913-07-23;undefined.undefined@gmail.com;worker;TL
270;370;499;710.775;2010-12-27;undefined.undefined@gmail.com;police officer;MX
594;694;498;634.24;1967-03-29;undefined.undefined@gmail.com;police officer;AE
609;709;496;931.319;1932-08-09;undefined.undefined@gmail.com;worker;MN
950;1050;493;785.993;1977-06-27;undefined.undefined@gmail.com;firefighter;QA
677;777;492;239.859;2003-06-02;undefined.undefined@gmail.com;doctor;MA
180;280;489;715.499;1917-06-14;undefined.undefined@gmail.com;doctor;NE
512;612;485;713.939;1995-02-17;undefined.undefined@gmail.com;police officer;BH
726;826;485;428.61;2007-07-28;undefined.undefined@gmail.com;doctor;BZ
623;723;484;91.052;1926-10-30;undefined.undefined@gmail.com;firefighter;NL
460;560;484;506.798;1982-10-23;undefined.undefined@gmail.com;doctor;LK
327;427;483;321.97;1955-10-20;undefined.undefined@gmail.com;worker;NR
978;1078;483;221.519;2017-08-31;undefined.undefined@gmail.com;developer;TK
414;514;483;547.999;2018-12-17;undefined.undefined@gmail.com;firefighter;BO
604;704;482;755.17;2009-04-08;undefined.undefined@gmail.com;worker;CF
776;876;480;723.465;1919-07-10;undefined.undefined@gmail.com;doctor;KP
807;907;478;807.942;2006-02-21;undefined.undefined@gmail.com;firefighter;CZ
443;543;478;140.029;1996-06-25;undefined.undefined@gmail.com;doctor;MS
294;394;478;124.146;1951-07-04;undefined.undefined@gmail.com;developer;SR
559;659;476;694.112;1959-07-25;undefined.undefined@gmail.com;worker;TO
461;561;475;284.873;1977-02-13;undefined.undefined@gmail.com;police officer;SD
363;463;473;326.097;1961-04-17;undefined.undefined@gmail.com;developer;EC
962;1062;470;384.658;1931-10-29;undefined.undefined@gmail.com;worker;EC
566;666;470;145.709;1945-09-30;undefined.undefined@gmail.com;firefighter;YT
741;841;470;24.031;1902-09-29;undefined.undefined@gmail.com;doctor;LT
121;221;469;663.333;1959-07-13;undefined.undefined@gmail.com;developer;WF
114;214;467;969.432;1993-11-19;undefined.undefined@gmail.com;firefighter;HM
973;1073;467;25.173;1915-01-25;undefined.undefined@gmail.com;firefighter;FR
21;121;463;605.44;1946-02-05;undefined.undefined@gmail.com;police officer;LA
915;1015;462;769.763;2014-07-20;undefined.undefined@gmail.com;developer;GI
252;352;461;550.477;1918-01-16;undefined.undefined@gmail.com;police officer;CM
187;287;460;319.316;1960-11-14;undefined.undefined@gmail.com;police officer;SZ
350;450;460;942.009;1920-02-29;undefined.undefined@gmail.com;worker;IL
148;248;459;431.436;2006-12-23;undefined.undefined@gmail.com;worker;MV
965;1065;457;561.043;1976-11-21;undefined.undefined@gmail.com;developer;PM
210;310;456;204.642;1941-05-08;undefined.undefined@gmail.com;police officer;SN
773;873;453;279.065;1940-07-09;undefined.undefined@gmail.com;worker;AT
278;378;452;312.224;1941-11-19;undefined.undefined@gmail.com;firefighter;SE
565;665;452;593.637;2002-09-03;undefined.undefined@gmail.com;worker;NG
354;454;451;280.828;1907-09-27;undefined.undefined@gmail.com;police officer;GY
215;315;451;534.818;1928-08-16;undefined.undefined@gmail.com;worker;NU
756;856;451;868.971;1952-12-18;undefined.undefined@gmail.com;police officer;
992;1092;450;292.711;1949-08-21;undefined.undefined@gmail.com;doctor;TM
228;328;449;487.538;1934-07-19;undefined.undefined@gmail.com;firefighter;BV
672;772;449;484.371;1981-01-02;undefined.undefined@gmail.com;worker;SA
503;603;447;182.574;1981-09-08;undefined.undefined@gmail.com;developer;ML
871;971;447;736.174;1972-07-13;undefined.undefined@gmail.com;doctor;LA
784;884;446;657.118;2013-04-18;undefined.undefined@gmail.com;police officer;UG
383;483;444;640.191;1941-09-29;undefined.undefined@gmail.com;police officer;SJ
504;604;443;227.856;1969-06-12;undefined.undefined@gmail.com;firefighter;MZ
837;937;443;574.744;1969-01-19;undefined.undefined@gmail.com;police officer;FK
467;567;443;628.299;1949-05-28;undefined.undefined@gmail.com;developer;EE
913;1013;441;566.954;1928-08-11;undefined.undefined@gmail.com;firefighter;RE
563;663;441;239.198;1950-04-10;undefined.undefined@gmail.com;worker;NP
116;216;441;579.271;1992-02-06;undefined.undefined@gmail.com;developer;LR
115;215;440;330.539;1975-09-30;undefined.undefined@gmail.com;doctor;YT
361;461;438;396.572;1930-11-22;undefined.undefined@gmail.com;worker;TH
827;927;437;68.791;1910-03-02;undefined.undefined@gmail.com;worker;NO
754;854;437;128.91;1940-01-08;undefined.undefined@gmail.com;doctor;GN
590;690;437;205.199;2011-01-08;undefined.undefined@gmail.com;firefighter;VG
249;349;432;573.039;1994-10-10;undefined.undefined@gmail.com;doctor;GD
985;1085;431;552.696;1919-07-19;undefined.undefined@gmail.com;doctor;BW
688;788;429;640.92;1964-03-26;undefined.undefined@gmail.com;firefighter;HU
3;103;429;117.456;1957-03-04;undefined.undefined@gmail.com;developer;BN
207;307;429;778.968;1932-05-09;undefined.undefined@gmail.com;police officer;JP
740;840;428;619.157;1939-03-11;undefined.undefined@gmail.com;firefighter;LB
138;238;426;323.78;1954-09-21;undefined.undefined@gmail.com;firefighter;AW
99;199;425;158.204;1906-11-12;undefined.undefined@gmail.com;firefighter;MX
961;1061;424;377.186;2002-01-07;undefined.undefined@gmail.com;developer;AD
939;1039;423;457.589;2008-04-16;undefined.undefined@gmail.com;police officer;PH
130;230;423;268.946;1903-11-24;undefined.undefined@gmail.com;doctor;MN
645;745;422;151.454;2008-11-15;undefined.undefined@gmail.com;doctor;AL
673;773;422;60.243;1985-12-29;undefined.undefined@gmail.com;worker;VC
495;595;418;443.229;1996-02-01;undefined.undefined@gmail.com;developer;KR
206;306;417;867.768;1917-11-13;undefined.undefined@gmail.com;doctor;VU
426;526;413;390.351;1971-02-03;undefined.undefined@gmail.com;police officer;GT
185;285;412;991.829;1961-08-06;undefined.undefined@gmail.com;developer;DK
419;519;409;422.641;1952-08-13;undefined.undefined@gmail.com;developer;ZA
743;843;408;583.5;1928-10-29;undefined.undefined@gmail.com;developer;IS
634;734;407;418.323;2008-04-02;undefined.undefined@gmail.com;police officer;EE
211;311;406;987.496;2018-10-28;undefined.undefined@gmail.com;police officer;HU
30;130;406;941.965;1979-03-25;undefined.undefined@gmail.com;police officer;CI
44;144;406;272.073;2004-09-27;undefined.undefined@gmail.com;worker;VG
816;916;406;221.057;1947-10-08;undefined.undefined@gmail.com;developer;GB
865;965;405;618.994;1986-02-11;undefined.undefined@gmail.com;worker;SM
69;169;404;896.817;1998-06-04;undefined.undefined@gmail.com;developer;HR
408;508;403;497.227;1966-03-27;undefined.undefined@gmail.com;worker;VE
808;908;403;695.567;1977-02-15;undefined.undefined@gmail.com;doctor;MR
558;658;402;723.985;1934-05-12;undefined.undefined@gmail.com;worker;FO
48;148;401;762.974;1929-10-14;undefined.undefined@gmail.com;police officer;ST
736;836;401;758.214;1925-01-19;undefined.undefined@gmail.com;firefighter;SN
654;754;398;527.806;1961-03-09;undefined.undefined@gmail.com;worker;AF
205;305;397;167.507;1905-02-07;undefined.undefined@gmail.com;police officer;KG
360;460;395;571.487;1921-05-30;undefined.undefined@gmail.com;doctor;BN
530;630;395;322.974;1995-11-23;undefined.undefined@gmail.com;doctor;JE
125;225;393;340.355;1935-03-05;undefined.undefined@gmail.com;doctor;CG
646;746;393;773.104;1926-09-09;undefined.undefined@gmail.com;worker;PE
247;347;393;115.516;1993-09-23;undefined.undefined@gmail.com;police officer;MR
478;578;391;321.44;1905-06-17;undefined.undefined@gmail.com;developer;IO
303;403;390;96.09;1988-08-20;undefined.undefined@gmail.com;developer;QA
843;943;390;286.679;1902-04-25;undefined.undefined@gmail.com;police officer;AX
794;894;389;298.471;1901-08-18;undefined.undefined@gmail.com;worker;VE
932;1032;387;321.689;1961-12-07;undefined.undefined@gmail.com;police officer;US
569;669;386;99.206;1971-05-09;undefined.undefined@gmail.com;developer;AO
509;609;385;30.137;1962-04-09;undefined.undefined@gmail.com;firefighter;VU
488;588;381;21.765;1912-01-27;undefined.undefined@gmail.com;developer;PY
605;705;379;954.875;2013-12-31;undefined.undefined@gmail.com;firefighter;BZ
906;1006;379;719.667;1934-05-22;undefined.undefined@gmail.com;police officer;SM
167;267;379;509.032;1904-11-09;undefined.undefined@gmail.com;doctor;NU
47;147;379;818.705;2005-08-08;undefined.undefined@gmail.com;worker;SC
632;732;378;382.488;1992-05-21;undefined.undefined@gmail.com;firefighter;MU
758;858;378;698.254;1991-01-08;undefined.undefined@gmail.com;doctor;DK
580;680;377;314.062;1985-05-27;undefined.undefined@gmail.com;worker;KM
244;344;377;685.441;1968-04-02;undefined.undefined@gmail.com;firefighter;VI
821;921;376;10.152;1940-09-12;undefined.undefined@gmail.com;doctor;AR
539;639;376;657.446;1999-08-08;undefined.undefined@gmail.com;doctor;WF
117;217;373;764.725;2007-02-06;undefined.undefined@gmail.com;firefighter;IE
606;706;372;500.286;1972-11-02;undefined.undefined@gmail.com;police officer;CM
718;818;371;97.709;1927-07-28;undefined.undefined@gmail.com;developer;GF
63;163;371;261.094;2002-10-28;undefined.undefined@gmail.com;firefighter;RE
220;320;368;154.286;1996-06-13;undefined.undefined@gmail.com;firefighter;FI
583;683;366;499.964;2010-10-25;undefined.undefined@gmail.com;worker;TJ
332;432;365;226.513;1993-07-18;undefined.undefined@gmail.com;developer;BS
924;1024;365;697.639;1934-03-23;undefined.undefined@gmail.com;developer;CC
194;294;365;465.33;1987-01-12;undefined.undefined@gmail.com;developer;BM
330;430;364;81.32;1952-01-17;undefined.undefined@gmail.com;firefighter;LY
289;389;362;270.898;1909-08-11;undefined.undefined@gmail.com;worker;FM
469;569;361;986.243;1995-10-15;undefined.undefined@gmail.com;police officer;MA
451;551;361;403.254;1971-09-23;undefined.undefined@gmail.com;firefighter;BY
315;415;357;492.31;1924-03-03;undefined.undefined@gmail.com;doctor;CM
650;750;357;978.301;1920-07-23;undefined.undefined@gmail.com;police officer;TC
886;986;356;127.972;1979-01-08;undefined.undefined@gmail.com;doctor;ZM
398;498;355;332.507;1935-06-10;undefined.undefined@gmail.com;police officer;PH
54;154;355;570.167;1952-10-19;undefined.undefined@gmail.com;doctor;DM
234;334;354;662.184;1998-04-29;undefined.undefined@gmail.com;police officer;HM
165;265;354;672.316;1911-01-05;undefined.undefined@gmail.com;doctor;UG
126;226;353;579.569;1923-12-17;undefined.undefined@gmail.com;firefighter;JM
176;276;351;894.463;1916-12-02;undefined.undefined@gmail.com;developer;MV
841;941;350;793.569;1947-05-18;undefined.undefined@gmail.com;worker;BI
202;302;349;670.007;1989-03-30;undefined.undefined@gmail.com;worker;BO
568;668;348;239.736;1947-01-31;undefined.undefined@gmail.com;doctor;LR
574;674;346;60.783;1944-03-08;undefined.undefined@gmail.com;police officer;AI
999;1099;346;494.498;2009-03-08;undefined.undefined@gmail.com;firefighter;IE
147;247;345;117.312;1986-02-15;undefined.undefined@gmail.com;firefighter;RW
980;1080;345;319.756;1954-07-04;undefined.undefined@gmail.com;developer;AG
183;283;344;441.212;1997-03-02;undefined.undefined@gmail.com;firefighter;MR
949;1049;344;822.573;1907-03-22;undefined.undefined@gmail.com;firefighter;AU
707;807;344;188.23;1951-11-03;undefined.undefined@gmail.com;developer;BR
541;641;341;251.593;1998-03-02;undefined.undefined@gmail.com;developer;CG
85;185;340;329.676;1958-09-22;undefined.undefined@gmail.com;police officer;BG
109;209;340;637.573;1902-03-05;undefined.undefined@gmail.com;doctor;NZ
832;932;339;472.732;1942-05-28;undefined.undefined@gmail.com;doctor;TD
477;577;339;225.348;1941-05-24;undefined.undefined@gmail.com;police officer;GS
544;644;339;311.369;1993-05-06;undefined.undefined@gmail.com;developer;WF
709;809;339;442.55;1936-01-04;undefined.undefined@gmail.com;doctor;DJ
667;767;338;866.977;1905-05-14;undefined.undefined@gmail.com;firefighter;LI
612;712;336;168.341;1919-04-17;undefined.undefined@gmail.com;doctor;BD
642;742;336;493.884;1989-05-12;undefined.undefined@gmail.com;developer;PR
320;420;336;732.043;1958-05-12;undefined.undefined@gmail.com;firefighter;TK
476;576;334;808.431;1977-08-15;undefined.undefined@gmail.com;doctor;CA
801;901;334;843.985;2019-03-22;undefined.undefined@gmail.com;firefighter;GM
633;733;334;361.988;1922-10-11;undefined.undefined@gmail.com;developer;NE
862;962;333;648.429;1967-03-27;undefined.undefined@gmail.com;doctor;SZ
158;258;333;75.893;1912-02-16;undefined.undefined@gmail.com;doctor;JP
700;800;333;981.713;2006-11-12;undefined.undefined@gmail.com;police officer;LY
935;1035;332;867.88;2017-08-17;undefined.undefined@gmail.com;firefighter;VC
90;190;331;371.231;1921-11-03;undefined.undefined@gmail.com;worker;FM
487;587;330;222.556;1911-06-13;undefined.undefined@gmail.com;firefighter;JO
373;473;328;966.592;1961-05-12;undefined.undefined@gmail.com;firefighter;VN
108;208;328;120.024;2015-12-06;undefined.undefined@gmail.com;firefighter;SH
323;423;326;232.949;2018-01-25;undefined.undefined@gmail.com;police officer;VI
94;194;325;317.365;1959-02-13;undefined.undefined@gmail.com;worker;AE
508;608;323;353.647;1998-07-29;undefined.undefined@gmail.com;worker;DK
529;629;322;612.088;2008-10-20;undefined.undefined@gmail.com;doctor;QA
845;945;321;98.239;1984-02-03;undefined.undefined@gmail.com;police officer;SL
287;387;321;859.229;2014-06-14;undefined.undefined@gmail.com;developer;SR
861;961;319;350.689;2013-03-13;undefined.undefined@gmail.com;police officer;CR
618;718;317;166.008;1946-11-14;undefined.undefined@gmail.com;doctor;UG
723;823;316;490.395;1923-01-28;undefined.undefined@gmail.com;developer;KG
721;821;313;509.315;1944-07-09;undefined.undefined@gmail.com;worker;MO
446;546;309;574.714;1900-03-03;undefined.undefined@gmail.com;police officer;MA
438;538;308;191.1;1956-12-15;undefined.undefined@gmail.com;police officer;TT
828;928;308;400.221;2002-11-02;undefined.undefined@gmail.com;police officer;NL
298;398;305;795.68;1958-03-26;undefined.undefined@gmail.com;developer;BR
954;1054;304;826.876;1922-08-30;undefined.undefined@gmail.com;firefighter;MU
880;980;302;276.315;1932-08-10;undefined.undefined@gmail.com;worker;VE
457;557;300;780.793;1905-07-06;undefined.undefined@gmail.com;police officer;VG
160;260;300;962.942;2011-11-20;undefined.undefined@gmail.com;firefighter;PS
227;327;299;79.002;2018-08-26;undefined.undefined@gmail.com;worker;IN
931;1031;298;866.254;1900-05-27;undefined.undefined@gmail.com;firefighter;KH
717;817;298;996.399;1985-02-01;undefined.undefined@gmail.com;developer;HM
687;787;297;207.115;1978-04-12;undefined.undefined@gmail.com;firefighter;IE
903;1003;296;294.936;1962-06-15;undefined.undefined@gmail.com;police officer;AT
988;1088;296;218.64;1901-02-10;undefined.undefined@gmail.com;police officer;AE
337;437;295;30.414;1944-09-20;undefined.undefined@gmail.com;developer;NR
527;627;295;234.311;1944-07-06;undefined.undefined@gmail.com;worker;YT
524;624;294;448.865;1950-05-13;undefined.undefined@gmail.com;firefighter;SC
561;661;294;923.799;2015-09-03;undefined.undefined@gmail.com;firefighter;KZ
238;338;293;622.998;1941-08-12;undefined.undefined@gmail.com;developer;GY
55;155;290;560.794;1917-07-25;undefined.undefined@gmail.com;doctor;MR
151;251;290;681.553;2013-12-16;undefined.undefined@gmail.com;firefighter;KN
630;730;290;681.214;1960-08-30;undefined.undefined@gmail.com;police officer;IT
0;100;290;922.479;2012-05-02;undefined.undefined@gmail.com;firefighter;CZ
858;958;290;381.869;1996-07-28;undefined.undefined@gmail.com;developer;MS
331;431;289;532.577;1954-06-05;undefined.undefined@gmail.com;worker;GY
56;156;289;320.678;1953-10-12;undefined.undefined@gmail.com;doctor;JP
795;895;289;924.188;1998-06-04;undefined.undefined@gmail.com;firefighter;CO
762;862;286;771.196;1946-12-24;undefined.undefined@gmail.com;doctor;KE
908;1008;286;755.244;1982-09-09;undefined.undefined@gmail.com;doctor;IS
859;959;285;835.524;2003-01-17;undefined.undefined@gmail.com;doctor;TZ
372;472;283;806.083;2015-04-08;undefined.undefined@gmail.com;developer;ES
50;150;283;524.214;1960-11-14;undefined.undefined@gmail.com;doctor;VG
464;564;281;487.05;1951-06-27;undefined.undefined@gmail.com;firefighter;PN
780;880;280;753.247;1963-04-21;undefined.undefined@gmail.com;police officer;FJ
534;634;280;138.901;1929-12-16;undefined.undefined@gmail.com;firefighter;ML
813;913;279;528.669;1906-10-19;undefined.undefined@gmail.com;worker;PS
349;449;279;149.039;1908-01-15;undefined.undefined@gmail.com;developer;GS
584;684;277;13.542;1907-10-11;undefined.undefined@gmail.com;developer;FM
803;903;276;751.346;1996-08-11;undefined.undefined@gmail.com;firefighter;SV
966;1066;276;319.174;1904-12-09;undefined.undefined@gmail.com;doctor;MR
113;213;275;473.939;1937-01-06;undefined.undefined@gmail.com;worker;GF
647;747;274;957.563;1929-09-20;undefined.undefined@gmail.com;police officer;UM
789;889;274;667.925;1988-01-21;undefined.undefined@gmail.com;developer;LT
340;440;270;107.995;1984-04-09;undefined.undefined@gmail.com;police officer;LS
27;127;270;334.318;1907-12-28;undefined.undefined@gmail.com;police officer;QA
46;146;266;364.838;1922-06-13;undefined.undefined@gmail.com;police officer;GY
424;524;266;336.364;1995-06-22;undefined.undefined@gmail.com;developer;SV
13;113;265;714.681;2009-03-23;undefined.undefined@gmail.com;developer;AN
72;172;263;627.542;1934-08-04;undefined.undefined@gmail.com;police officer;CG
577;677;262;692.917;1907-05-17;undefined.undefined@gmail.com;police officer;SR
787;887;261;403.463;1923-08-18;undefined.undefined@gmail.com;doctor;NU
662;762;260;127.81;2001-10-11;undefined.undefined@gmail.com;worker;GG
678;778;259;91.652;2002-10-05;undefined.undefined@gmail.com;developer;AM
73;173;258;452.301;1956-06-19;undefined.undefined@gmail.com;doctor;TH
402;502;258;801.096;1986-01-05;undefined.undefined@gmail.com;police officer;KG
178;278;258;974.584;1969-03-09;undefined.undefined@gmail.com;police officer;OM
498;598;257;151.269;1967-05-29;undefined.undefined@gmail.com;firefighter;BE
421;521;257;479.069;1963-03-20;undefined.undefined@gmail.com;firefighter;SI
394;494;257;429.315;1924-07-20;undefined.undefined@gmail.com;police officer;CA
997;1097;256;16.525;1998-11-13;undefined.undefined@gmail.com;police officer;TV
848;948;256;528.565;1992-08-17;undefined.undefined@gmail.com;firefighter;NL
703;803;255;678.861;1947-12-09;undefined.undefined@gmail.com;doctor;SE
811;911;254;398.375;1928-02-07;undefined.undefined@gmail.com;police officer;IL
909;1009;253;696.109;1936-08-27;undefined.undefined@gmail.com;firefighter;MA
342;442;252;702.336;1910-12-15;undefined.undefined@gmail.com;developer;TJ
626;726;252;93.098;1945-06-09;undefined.undefined@gmail.com;firefighter;PR
339;439;252;47.867;1995-07-14;undefined.undefined@gmail.com;firefighter;FR
620;720;251;472.525;1956-09-11;undefined.undefined@gmail.com;worker;SG
873;973;251;90.799;1969-09-22;undefined.undefined@gmail.com;police officer;LI
119;219;249;788.075;1990-07-25;undefined.undefined@gmail.com;developer;IO
651;751;248;559.072;2003-01-11;undefined.undefined@gmail.com;worker;GB
453;553;247;826.909;1949-06-11;undefined.undefined@gmail.com;worker;SB
380;480;246;232.742;2011-01-29;undefined.undefined@gmail.com;firefighter;PG
92;192;246;115.832;1949-09-01;undefined.undefined@gmail.com;worker;NC
951;1051;245;61.466;1971-07-07;undefined.undefined@gmail.com;worker;CV
427;527;245;148.523;1929-07-13;undefined.undefined@gmail.com;police officer;KG
235;335;241;118.606;1961-05-23;undefined.undefined@gmail.com;developer;PT
28;128;241;299.615;1991-07-30;undefined.undefined@gmail.com;worker;ET
685;785;241;147.068;1994-07-30;undefined.undefined@gmail.com;doctor;CV
501;601;241;552.214;1993-07-14;undefined.undefined@gmail.com;firefighter;TF
533;633;241;887.441;1924-02-06;undefined.undefined@gmail.com;doctor;UZ
603;703;239;559.402;1961-06-12;undefined.undefined@gmail.com;police officer;AT
218;318;239;102.408;2003-01-12;undefined.undefined@gmail.com;police officer;RU
657;757;236;278.028;1910-01-17;undefined.undefined@gmail.com;worker;LV
127;227;233;309.25;1940-11-29;undefined.undefined@gmail.com;doctor;AF
812;912;232;308.21;1983-04-01;undefined.undefined@gmail.com;doctor;PY
830;930;232;511.952;1915-08-20;undefined.undefined@gmail.com;worker;NI
182;282;228;477.397;2002-03-31;undefined.undefined@gmail.com;developer;BD
1;101;227;83.986;1953-10-05;undefined.undefined@gmail.com;developer;NG
783;883;226;665.551;1975-03-02;undefined.undefined@gmail.com;police officer;GA
826;926;224;945.02;2001-11-14;undefined.undefined@gmail.com;police officer;GL
25;125;224;81.601;1973-01-07;undefined.undefined@gmail.com;firefighter;TW
804;904;223;32.392;1962-08-24;undefined.undefined@gmail.com;police officer;MV
20;120;222;179.346;1920-04-11;undefined.undefined@gmail.com;doctor;NP
819;919;220;721.701;2007-02-24;undefined.undefined@gmail.com;police officer;AX
676;776;218;206.76;2016-11-02;undefined.undefined@gmail.com;doctor;ES
334;434;218;434.68;1978-07-22;undefined.undefined@gmail.com;firefighter;MC
409;509;218;279.999;1907-05-19;undefined.undefined@gmail.com;developer;MQ
378;478;217;68.115;1968-05-09;undefined.undefined@gmail.com;worker;MT
261;361;216;167.018;1981-10-17;undefined.undefined@gmail.com;police officer;AO
500;600;214;90.726;1967-10-15;undefined.undefined@gmail.com;worker;BR
376;476;214;465.035;2005-02-25;undefined.undefined@gmail.com;firefighter;US
230;330;214;117.685;1958-10-23;undefined.undefined@gmail.com;police officer;BN
214;314;213;324.65;1904-07-11;undefined.undefined@gmail.com;police officer;MD
326;426;212;168.769;2009-08-27;undefined.undefined@gmail.com;doctor;BW
404;504;210;508.111;1932-06-20;undefined.undefined@gmail.com;firefighter;QA
998;1098;208;80.324;2009-12-02;undefined.undefined@gmail.com;doctor;CO
52;152;208;195.982;2014-10-03;undefined.undefined@gmail.com;police officer;PE
345;445;207;100.833;1976-03-04;undefined.undefined@gmail.com;developer;MA
371;471;205;800.126;2010-07-16;undefined.undefined@gmail.com;firefighter;MG
638;738;205;645.78;2004-01-18;undefined.undefined@gmail.com;firefighter;SD
786;886;205;811.103;2010-10-02;undefined.undefined@gmail.com;developer;VC
817;917;204;520.153;1964-05-14;undefined.undefined@gmail.com;firefighter;GL
557;657;204;501.815;2007-03-25;undefined.undefined@gmail.com;worker;CF
617;717;202;907.431;2013-06-25;undefined.undefined@gmail.com;police officer;AT
152;252;202;848.185;1950-03-18;undefined.undefined@gmail.com;police officer;SA
430;530;198;82.197;1960-03-28;undefined.undefined@gmail.com;firefighter;BT
159;259;198;619.423;1947-06-19;undefined.undefined@gmail.com;doctor;EE
926;1026;196;639.825;2016-03-17;undefined.undefined@gmail.com;worker;GY
390;490;195;609.965;1965-09-06;undefined.undefined@gmail.com;worker;GG
523;623;195;275.233;2010-11-06;undefined.undefined@gmail.com;police officer;CZ
112;212;194;383.286;1942-04-19;undefined.undefined@gmail.com;worker;BF
208;308;193;394.295;1911-01-07;undefined.undefined@gmail.com;worker;DO
656;756;190;652.659;1909-06-26;undefined.undefined@gmail.com;worker;VU
456;556;187;207.881;1927-10-08;undefined.undefined@gmail.com;doctor;SO
391;491;186;106.588;1960-12-19;undefined.undefined@gmail.com;doctor;FM
296;396;185;108.504;2019-03-20;undefined.undefined@gmail.com;worker;MC
292;392;183;969.505;1995-11-18;undefined.undefined@gmail.com;worker;UY
96;196;183;974.018;1973-04-06;undefined.undefined@gmail.com;firefighter;HK
38;138;183;990.141;2006-04-25;undefined.undefined@gmail.com;police officer;CG
698;798;181;519.036;1901-02-28;undefined.undefined@gmail.com;firefighter;BT
881;981;180;816.942;1920-09-03;undefined.undefined@gmail.com;worker;NR
582;682;179;865.589;1956-07-03;undefined.undefined@gmail.com;police officer;PG
556;656;177;475.346;1915-11-04;undefined.undefined@gmail.com;worker;LV
896;996;177;399.954;1988-03-22;undefined.undefined@gmail.com;worker;DE
191;291;176;335.291;1973-12-20;undefined.undefined@gmail.com;doctor;BS
767;867;176;978.816;2012-11-16;undefined.undefined@gmail.com;developer;CA
747;847;175;794.428;1914-12-21;undefined.undefined@gmail.com;developer;CC
62;162;175;572.441;1979-01-15;undefined.undefined@gmail.com;developer;CR
57;157;173;404.917;1905-01-15;undefined.undefined@gmail.com;firefighter;SJ
995;1095;173;65.565;1902-05-25;undefined.undefined@gmail.com;doctor;AR
429;529;173;979.312;1916-11-02;undefined.undefined@gmail.com;worker;CA
257;357;172;703.301;1974-04-18;undefined.undefined@gmail.com;doctor;UZ
285;385;171;452.006;1981-04-13;undefined.undefined@gmail.com;worker;LB
471;571;170;819.407;1902-03-25;undefined.undefined@gmail.com;developer;MR
624;724;169;166.246;1943-05-11;undefined.undefined@gmail.com;firefighter;SC
324;424;169;820.852;1908-10-02;undefined.undefined@gmail.com;firefighter;KW
987;1087;167;213.326;2012-08-12;undefined.undefined@gmail.com;developer;LY
232;332;167;860.184;2008-09-13;undefined.undefined@gmail.com;doctor;PT
691;791;167;537.19;1928-10-05;undefined.undefined@gmail.com;doctor;PN
43;143;166;569.005;1999-01-02;undefined.undefined@gmail.com;developer;MQ
770;870;164;346.158;2017-06-25;undefined.undefined@gmail.com;developer;DJ
959;1059;164;767.175;1971-10-11;undefined.undefined@gmail.com;firefighter;PM
406;506;162;12.0;1943-09-24;undefined.undefined@gmail.com;firefighter;TJ
284;384;161;18.048;1945-04-22;undefined.undefined@gmail.com;police officer;GW
664;764;159;306.611;1932-03-16;undefined.undefined@gmail.com;firefighter;GA
449;549;157;995.456;1946-12-28;undefined.undefined@gmail.com;police officer;BE
293;393;157;320.959;1915-11-09;undefined.undefined@gmail.com;doctor;YE
693;793;155;477.686;1982-08-17;undefined.undefined@gmail.com;worker;GH
599;699;153;770.011;1907-05-21;undefined.undefined@gmail.com;doctor;MQ
941;1041;152;515.309;1923-01-20;undefined.undefined@gmail.com;developer;BM
483;583;149;117.885;1915-02-02;undefined.undefined@gmail.com;worker;LT
598;698;147;330.591;1912-12-10;undefined.undefined@gmail.com;doctor;BE
124;224;146;134.152;1922-06-05;undefined.undefined@gmail.com;police officer;CN
724;824;145;249.825;1919-12-08;undefined.undefined@gmail.com;doctor;SD
782;882;141;222.552;1902-01-22;undefined.undefined@gmail.com;police officer;FJ
712;812;139;510.12;2016-01-06;undefined.undefined@gmail.com;developer;PY
490;590;138;118.534;2015-05-13;undefined.undefined@gmail.com;developer;HN
983;1083;137;175.142;1922-11-21;undefined.undefined@gmail.com;worker;MU
379;479;137;529.548;2011-12-09;undefined.undefined@gmail.com;police officer;IT
682;782;136;99.913;1911-06-21;undefined.undefined@gmail.com;developer;IQ
392;492;135;288.169;1906-06-01;undefined.undefined@gmail.com;doctor;CV
83;183;134;201.083;1915-05-28;undefined.undefined@gmail.com;police officer;JM
143;243;134;744.704;1945-02-13;undefined.undefined@gmail.com;police officer;BY
573;673;133;884.026;1948-01-26;undefined.undefined@gmail.com;police officer;VC
809;909;132;145.555;1951-07-25;undefined.undefined@gmail.com;firefighter;HN
876;976;132;609.333;2019-01-18;undefined.undefined@gmail.com;police officer;NI
655;755;132;71.501;1909-10-31;undefined.undefined@gmail.com;worker;ML
619;719;131;916.414;1955-06-09;undefined.undefined@gmail.com;doctor;MZ
600;700;129;402.058;1937-11-10;undefined.undefined@gmail.com;police officer;MO
351;451;128;750.292;1994-07-11;undefined.undefined@gmail.com;developer;AU
133;233;128;136.615;1974-05-25;undefined.undefined@gmail.com;police officer;MY
258;358;128;288.308;1985-04-30;undefined.undefined@gmail.com;police officer;HN
611;711;128;449.569;1960-03-02;undefined.undefined@gmail.com;police officer;CS
749;849;125;953.726;2004-03-07;undefined.undefined@gmail.com;police officer;FJ
199;299;123;153.209;1973-01-28;undefined.undefined@gmail.com;doctor;FJ
313;413;120;999.746;1961-04-28;undefined.undefined@gmail.com;developer;AI
852;952;119;434.588;1988-08-02;undefined.undefined@gmail.com;firefighter;AG
969;1069;118;646.707;1902-09-03;undefined.undefined@gmail.com;police officer;IM
260;360;118;329.641;1941-02-25;undefined.undefined@gmail.com;developer;GW
515;615;117;11.967;1924-01-23;undefined.undefined@gmail.com;developer;HR
867;967;114;449.463;1948-07-31;undefined.undefined@gmail.com;firefighter;CL
755;855;112;167.889;1970-03-17;undefined.undefined@gmail.com;worker;QA
319;419;111;168.143;1946-07-18;undefined.undefined@gmail.com;police officer;SA
892;992;109;870.258;1917-07-01;undefined.undefined@gmail.com;firefighter;TF
777;877;108;384.39;1929-03-31;undefined.undefined@gmail.com;firefighter;MA
84;184;108;935.664;1918-04-02;undefined.undefined@gmail.com;doctor;BW
459;559;108;670.977;1943-08-22;undefined.undefined@gmail.com;developer;SI
648;748;108;659.102;1904-11-09;undefined.undefined@gmail.com;firefighter;RU
14;114;107;772.264;2003-11-06;undefined.undefined@gmail.com;worker;BT
49;149;107;31.957;1968-06-19;undefined.undefined@gmail.com;doctor;VG
348;448;105;619.188;1958-12-30;undefined.undefined@gmail.com;firefighter;LS
343;443;104;184.43;2007-01-30;undefined.undefined@gmail.com;developer;NL
538;638;104;71.769;2013-02-15;undefined.undefined@gmail.com;police officer;TK
690;790;103;585.292;1986-03-22;undefined.undefined@gmail.com;developer;SV
399;499;102;106.171;1988-02-01;undefined.undefined@gmail.com;doctor;JE
136;236;101;518.55;2011-05-04;undefined.undefined@gmail.com;developer;PA
864;964;100;984.021;1939-12-31;undefined.undefined@gmail.com;worker;TO
996;1096;99;334.14;1924-05-09;undefined.undefined@gmail.com;police officer;PA
388;488;97;666.97;1948-04-24;undefined.undefined@gmail.com;doctor;PR
934;1034;97;123.203;2000-04-01;undefined.undefined@gmail.com;police officer;EG
387;487;95;398.605;1920-07-01;undefined.undefined@gmail.com;developer;TZ
496;596;94;754.923;1927-04-25;undefined.undefined@gmail.com;firefighter;NG
810;910;94;606.67;1938-07-20;undefined.undefined@gmail.com;police officer;JO
493;593;93;779.124;1957-07-03;undefined.undefined@gmail.com;firefighter;CC
545;645;93;750.844;1982-10-22;undefined.undefined@gmail.com;police officer;ZW
280;380;92;540.006;1936-02-15;undefined.undefined@gmail.com;developer;RW
236;336;91;134.566;1903-02-20;undefined.undefined@gmail.com;firefighter;PH
734;834;89;348.579;1980-06-06;undefined.undefined@gmail.com;worker;MK
535;635;89;865.473;1933-04-17;undefined.undefined@gmail.com;police officer;CF
263;363;89;365.811;2013-03-22;undefined.undefined@gmail.com;firefighter;BG
418;518;88;914.934;2012-11-08;undefined.undefined@gmail.com;developer;IO
140;240;88;324.769;2013-10-01;undefined.undefined@gmail.com;firefighter;TJ
316;416;87;427.621;2000-03-14;undefined.undefined@gmail.com;police officer;US
240;340;85;457.312;1921-01-05;undefined.undefined@gmail.com;worker;DJ
2;102;85;496.195;1916-08-13;undefined.undefined@gmail.com;police officer;IM
532;632;83;196.951;1955-11-25;undefined.undefined@gmail.com;police officer;SD
730;830;83;958.269;1907-08-13;undefined.undefined@gmail.com;doctor;SL
226;326;81;699.747;1992-12-04;undefined.undefined@gmail.com;developer;TR
608;708;79;875.983;1994-11-06;undefined.undefined@gmail.com;doctor;NO
968;1068;78;583.424;1934-07-22;undefined.undefined@gmail.com;developer;AE
17;117;76;636.93;1978-01-25;undefined.undefined@gmail.com;worker;WF
971;1071;76;74.556;1958-10-08;undefined.undefined@gmail.com;worker;GP
752;852;74;906.578;1902-06-24;undefined.undefined@gmail.com;worker;SL
122;222;70;390.05;1950-10-07;undefined.undefined@gmail.com;worker;GF
288;388;67;451.914;1940-02-22;undefined.undefined@gmail.com;firefighter;BY
359;459;67;337.583;1991-01-08;undefined.undefined@gmail.com;doctor;PS
450;550;67;885.127;1919-08-21;undefined.undefined@gmail.com;worker;GQ
169;269;66;411.422;1934-04-04;undefined.undefined@gmail.com;developer;VA
970;1070;65;14.977;2012-05-21;undefined.undefined@gmail.com;firefighter;FI
439;539;65;663.15;1929-08-24;undefined.undefined@gmail.com;doctor;NR
100;200;64;600.194;1983-01-15;undefined.undefined@gmail.com;developer;AS
95;195;64;728.823;1907-10-28;undefined.undefined@gmail.com;police officer;RE
739;839;64;817.193;1967-07-20;undefined.undefined@gmail.com;worker;UG
434;534;64;478.167;1960-10-17;undefined.undefined@gmail.com;developer;PR
761;861;63;743.437;1936-12-06;undefined.undefined@gmail.com;doctor;BY
750;850;62;812.677;1965-01-10;undefined.undefined@gmail.com;worker;CZ
967;1067;61;235.725;1944-03-19;undefined.undefined@gmail.com;doctor;GS
742;842;58;744.726;2017-07-12;undefined.undefined@gmail.com;worker;ID
895;995;58;503.371;1925-08-29;undefined.undefined@gmail.com;worker;IN
66;166;58;196.109;1939-04-15;undefined.undefined@gmail.com;police officer;MX
71;171;58;5.692;1949-05-27;undefined.undefined@gmail.com;worker;ET
553;653;57;261.44;1988-10-05;undefined.undefined@gmail.com;police officer;HM
507;607;56;192.58;1930-03-23;undefined.undefined@gmail.com;developer;CS
824;924;53;2.332;1951-12-29;undefined.undefined@gmail.com;police officer;MQ
883;983;53;830.753;2010-04-15;undefined.undefined@gmail.com;developer;GY
911;1011;52;715.195;1903-03-17;undefined.undefined@gmail.com;police officer;GY
97;197;50;131.207;2011-04-14;undefined.undefined@gmail.com;firefighter;PL
550;650;49;954.015;2003-07-24;undefined.undefined@gmail.com;doctor;MT
10;110;49;138.705;1953-10-24;undefined.undefined@gmail.com;firefighter;SO
955;1055;48;849.239;1951-04-26;undefined.undefined@gmail.com;worker;IN
458;558;47;579.896;1909-10-10;undefined.undefined@gmail.com;developer;NE
849;949;46;146.145;1939-07-06;undefined.undefined@gmail.com;police officer;IE
105;205;46;704.395;2018-05-27;undefined.undefined@gmail.com;developer;CS
513;613;45;534.603;1910-03-01;undefined.undefined@gmail.com;police officer;NZ
74;174;44;975.758;1929-03-17;undefined.undefined@gmail.com;firefighter;FO
365;465;44;270.11;1972-11-09;undefined.undefined@gmail.com;police officer;MD
463;563;43;744.684;1909-03-30;undefined.undefined@gmail.com;police officer;EG
381;481;42;318.547;1983-01-17;undefined.undefined@gmail.com;developer;KP
907;1007;41;495.341;1961-08-11;undefined.undefined@gmail.com;worker;HT
658;758;41;355.093;1939-02-10;undefined.undefined@gmail.com;doctor;NI
874;974;40;431.555;1996-08-27;undefined.undefined@gmail.com;police officer;BT
166;266;37;974.481;2015-07-23;undefined.undefined@gmail.com;firefighter;SM
265;365;33;484.151;1914-01-15;undefined.undefined@gmail.com;police officer;CG
190;290;31;621.328;1904-10-27;undefined.undefined@gmail.com;developer;TJ
328;428;27;341.385;1953-05-08;undefined.undefined@gmail.com;doctor;ML
377;477;27;101.015;1937-09-18;undefined.undefined@gmail.com;developer;NF
291;391;26;979.769;1930-02-19;undefined.undefined@gmail.com;police officer;AN
928;1028;25;644.889;1909-11-07;undefined.undefined@gmail.com;firefighter;GA
189;289;24;357.155;1978-05-15;undefined.undefined@gmail.com;doctor;BH
7;107;24;879.482;1977-04-25;undefined.undefined@gmail.com;doctor;GH
403;503;23;113.025;1951-03-05;undefined.undefined@gmail.com;developer;GY
887;987;23;519.603;1978-11-06;undefined.undefined@gmail.com;firefighter;TM
771;871;22;211.929;1998-11-14;undefined.undefined@gmail.com;doctor;BV
790;890;21;348.239;1902-01-31;undefined.undefined@gmail.com;police officer;AI
492;592;20;232.735;1917-08-22;undefined.undefined@gmail.com;firefighter;GP
840;940;20;230.296;1979-04-09;undefined.undefined@gmail.com;doctor;AZ
940;1040;17;594.798;1972-07-26;undefined.undefined@gmail.com;developer;CL
763;863;16;624.224;1960-03-20;undefined.undefined@gmail.com;police officer;VN
246;346;13;18.749;1953-12-08;undefined.undefined@gmail.com;police officer;RU
369;469;13;908.628;1901-11-03;undefined.undefined@gmail.com;worker;CK
671;771;12;206.224;1967-08-25;undefined.undefined@gmail.com;developer;SL
242;342;10;521.423;1952-03-02;undefined.undefined@gmail.com;firefighter;SB
943;1043;8;238.852;1975-09-27;undefined.undefined@gmail.com;firefighter;SD
517;617;7;455.523;1975-11-18;undefined.undefined@gmail.com;developer;TT
344;444;7;864.994;1975-02-14;undefined.undefined@gmail.com;doctor;CV
455;555;6;902.054;1917-12-09;undefined.undefined@gmail.com;worker;HU
8;108;4;302.783;1954-10-02;undefined.undefined@gmail.com;doctor;SR
766;866;4;244.897;1983-05-25;undefined.undefined@gmail.com;firefighter;MD
905;1005;2;481.667;1995-03-19;undefined.undefined@gmail.com;police officer;VI
179;279;2;834.157;2009-01-01;undefined.undefined@gmail.com;police officer;LS
652;752;1;945.372;1972-01-07;undefined.undefined@gmail.com;police officer;SD
